x,y
5.1650,19.0547
6.9199,99.2415
4.1730,65.1516
8.8193,43.0645
1.9183,66.1780
7.1223,93.2996
8.1971,85.4254
5.1647,21.5820
5.6992,24.4058
1.1644,52.9301
8.3807,10.8953
4.8270,4.4073
7.4239,11.5141
6.4119,18.6080
1.0790,40.2174
0.6374,1.1638
1.0336,12.7966
5.0103,53.7235
5.5632,72.0203
8.2353,18.0114
7.0837,50.3980
5.3064,86.2255
7.8080,53.7615
2.8984,46.4221
7.4136,5.3575
5.0743,54.5132
8.0923,38.3158
8.0663,42.0259
1.8793,15.0469
7.3016,97.6606
1.6321,89.0957
8.8740,36.3501
7.8696,76.9550
4.6590,55.5720
4.9959,52.8872
7.2531,13.0527
0.2058,44.1208
2.6607,74.9389
6.5946,39.1695
1.7689,4.2503
7.3147,0.2021
4.5426,9.4990
6.0736,58.5603
3.5745,60.6992
7.1913,52.2139
5.3203,81.7362
7.3990,88.3832
4.1193,1.9211
4.1307,76.5551
0.0327,65.0648
7.9949,99.9126
9.0292,99.1673
8.9861,35.0599
9.9141,51.2899
3.2985,2.6910
5.9517,23.6242
5.7325,68.4022
4.9887,85.8638
9.8734,99.0156
5.8711,77.4563
0.3163,60.1007
7.6917,34.4103
8.3881,54.4905
2.3957,72.1322
5.8771,64.9820
7.9960,5.3607
0.0531,52.2413
3.1087,55.3715
4.0432,50.0018
4.3993,38.1401
7.3402,13.0828
6.1076,15.8997
5.1377,27.4294
0.5882,14.7164
4.5739,26.2384
4.4461,65.0106
6.9440,78.0818
3.9419,93.9230
7.9441,36.7995
6.4104,61.8248
9.5832,67.7139
2.0215,44.8505
1.4073,80.3656
0.2328,89.6150
6.9234,66.4278
7.9790,27.3094
2.1480,44.0269
2.5353,7.5166
3.5498,75.7493
4.2393,61.8167
1.6976,20.4522
8.4894,57.1757
2.4260,58.5255
9.4615,59.0436
6.6030,57.8024
9.1078,83.0819
6.9876,55.2459
9.4476,64.4240
8.1822,70.9320
6.1133,88.7636
0.5386,49.8413
3.7396,0.2647
8.0254,21.9247
8.5508,5.3268
4.4979,55.1515
2.7290,37.7992
0.5716,30.3815
6.1136,91.3404
1.8839,97.5305
3.2556,54.0308
6.3361,70.7892
6.2542,14.8971
7.3366,85.7254
7.3332,64.7726
6.8538,67.7470
6.5833,49.2199
3.8706,78.6105
9.3984,78.2207
0.4078,69.0813
5.8496,81.5079
0.5460,76.5220
5.9081,95.7180
1.5171,23.9912
3.9807,95.4641
5.2352,79.6969
1.4143,21.1557
8.7187,44.9795
4.7339,23.0715
5.7289,78.2690
6.0656,0.1460
4.0371,25.4471
6.3957,99.1104
0.4954,77.7891
0.8289,84.7141
0.0704,49.9846
3.9704,15.9270
3.6141,5.6427
6.2500,3.6066
0.3195,62.0732
8.7607,50.6525
5.5425,90.1955
0.4476,26.2283
6.4084,49.5024
8.5199,96.5068
5.6373,88.4181
7.4436,12.3321
8.4200,88.7854
4.0664,79.3282
6.2706,57.6210
9.2197,18.5161
6.4408,41.5370
9.0959,94.6551
3.5076,25.2633
3.0323,25.1937
7.8076,59.8498
7.4737,15.3618
2.2475,12.3638
3.8606,3.2547
1.5618,66.0450
5.7744,52.2033
8.3501,48.7602
5.2822,81.2491
8.4654,27.1635
1.7527,45.2256
1.7543,28.3746
4.6829,42.9764
3.1153,76.2122
8.8352,89.9416
6.0389,18.4638
9.3985,45.3110
5.9887,83.9226
8.6395,98.1684
7.2288,47.5900
2.0027,95.2431
8.5822,70.3252
3.6315,27.8755
8.8860,48.7711
4.6102,4.8470
4.8544,76.7856
2.9130,32.6274
7.9610,32.5495
2.2136,31.6469
6.5328,19.9554
0.5836,36.5538
9.4561,93.5111
1.6411,98.6979
1.3673,5.6803
6.0686,80.1766
5.3053,59.1722
8.0932,87.5535
2.2168,53.0616
9.5288,25.4859
2.3467,93.8163
2.7181,6.7831
7.3598,24.8466
4.3105,74.6756
5.8186,65.6853
3.2431,28.8226
4.2057,34.4792
5.2474,51.2912
1.3247,43.0294
1.7131,40.7105
6.2992,64.6973
6.3431,82.7536
8.3365,47.3619
7.3151,10.7059
9.4045,31.0078
6.4725,17.4219
8.9053,31.0595
4.4222,84.3347
0.7704,20.5618
9.4284,19.1979
8.5650,10.9942
4.8386,88.0352
3.0003,83.6725
1.8036,99.0727
1.2798,0.7287
9.4250,6.8762
4.6467,48.1653
8.7846,61.3328
0.1948,77.7512
8.3729,28.4310
0.5572,92.9622
8.1000,84.9211
3.1448,58.7298
3.1596,31.2364
3.0065,99.3841
1.8485,10.1128
3.7565,60.8390
1.3683,73.4587
9.9398,58.1573
8.9144,34.6215
8.8022,91.1820
2.2050,71.2288
8.6365,7.8084
0.8079,7.6975
9.8633,40.6137
5.5073,62.8260
1.1910,60.3591
0.7904,27.4111
2.7153,31.6408
0.5882,34.5058
8.1956,25.3900
9.5847,67.4015
3.8994,51.1402
1.4466,95.4290
5.4373,66.5781
8.2306,61.5731
8.0957,44.1445
5.2786,92.0369
7.3613,69.2890
8.2464,41.6781
6.7984,55.9924
9.2521,25.0254
4.7010,50.6596
0.2652,31.2661
7.2050,42.1900
0.4572,33.5867
2.3144,60.1540
9.3667,55.8763
5.9359,49.2226
3.0241,99.0221
8.1843,32.0266
4.8653,4.1866
2.1329,3.9932
6.7531,17.0878
1.6329,79.5006
7.7884,67.3311
8.9095,39.7376
0.5253,84.5938
4.2987,72.4423
4.5205,7.5530
8.6590,73.7027
5.9882,16.1599
7.4957,69.4639
6.3102,66.8493
5.2728,57.6778
9.6646,45.1539
9.5692,83.9047
6.8230,38.2010
7.7548,44.8696
0.3815,30.4105
7.0157,56.2169
5.2132,38.2894
2.7414,65.4695
3.2485,7.7669
4.2126,42.5613
1.4845,64.4255
6.6864,73.5328
1.4223,2.7512
5.2162,67.9267
2.9771,11.4923
6.4881,55.5755
7.6579,63.8010
9.9795,80.9337
0.8305,45.3237
2.6924,24.7117
6.4577,29.8573
6.7871,75.2635
8.0442,13.3895
8.0969,48.7869
2.9248,21.2842
6.8950,47.3728
8.8554,95.7474
9.8257,8.7677
3.3069,55.5412
3.2459,6.2504
3.1927,28.1154
2.3981,14.3797
4.3188,75.7705
6.9699,4.8886
3.3654,31.6525
9.2548,35.3939
0.4884,80.8395
5.6890,9.6696
2.1073,28.2603
0.0686,92.0154
5.8386,11.7217
8.3818,15.3666
0.1766,71.5791
2.9787,47.2629
9.8386,81.1561
9.5957,30.0722
8.6122,29.2365
0.8256,74.5802
3.1237,46.2125
5.7981,74.5917
9.0174,15.8040
8.2252,38.9239
2.1584,22.0367
2.4993,16.6760
6.3680,45.8729
3.7738,61.9931
4.9497,91.5322
7.0759,95.5253
3.7030,7.3756
0.4365,22.3366
0.3473,71.7194
8.4789,6.8486
3.0074,42.9436
7.3755,18.1835
7.8684,70.9771
9.6278,63.6266
5.3155,35.9116
4.0448,36.1817
6.2004,32.9202
0.4079,80.1616
4.8171,16.3101
6.4940,88.1150
0.1884,98.3759
5.2717,60.0376
3.5872,4.1332
4.4499,35.8087
7.2118,87.9863
8.3148,40.6143
6.6470,58.2833
5.8240,28.8787
1.7048,42.5959
6.6000,79.5807
6.5736,10.0188
3.5402,5.2609
9.2087,99.9133
6.5087,52.8561
9.3739,80.3730
3.4406,7.2462
6.7251,64.8806
4.6952,33.9390
6.4464,35.1380
4.7451,67.2065
8.4723,18.1748
5.0317,1.2346
2.0581,89.9385
3.2913,31.7302
6.6191,14.3221
6.1821,88.6364
6.2751,61.2526
9.3857,91.1103
0.7865,18.8186
2.2075,7.2409
6.5662,19.0825
7.3500,22.1041
5.7453,64.5262
0.5987,70.1345
5.2295,9.6592
7.9350,54.6202
2.3983,16.0068
5.9847,46.3811
2.2303,92.4169
4.4372,47.2047
7.3134,76.9729
4.7059,17.8151
7.1758,70.2882
4.5838,63.4783
1.2495,89.6978
6.4968,77.5533
2.0830,99.1925
6.2221,29.2277
4.1431,97.1191
4.5825,13.6205
9.7808,30.7539
5.1836,62.6400
8.1492,7.8110
3.3555,33.8847
4.0225,91.8350
4.5707,12.0976
4.6098,5.5305
8.2148,24.1646
4.1934,62.2095
6.8564,53.0175
3.2812,82.8165
8.5084,33.7713
4.3639,72.2682
7.1053,7.6826
7.8623,81.9328
2.6590,1.4556
1.9684,84.9674
9.0299,15.6877
1.0533,26.8385
3.9534,21.9021
7.9927,23.0607
2.4846,8.3076
8.2194,93.6979
5.6644,52.6690
5.3196,46.0545
0.3281,62.0415
3.7199,40.8044
3.3809,51.2326
8.2616,24.4922
0.5212,14.2655
1.9697,81.2593
6.1189,19.9107
5.9966,63.0033
5.8983,71.4192
0.6866,88.9885
5.2402,92.4608
7.3184,32.6144
8.3282,75.5533
7.3724,43.8605
9.5150,44.4231
0.2385,29.7597
3.5010,6.8259
1.9108,51.9362
5.1683,76.2335
5.8975,4.4309
6.3682,63.9056
5.4209,45.3622
2.3988,45.2022
0.2794,52.2806
9.2952,25.8741
4.3237,25.7027
7.2898,10.6080
9.6272,99.0348
9.7862,41.0742
6.9354,87.5862
6.1780,47.9316
6.7266,17.8120
3.2391,31.4868
0.8623,27.4071
2.9712,90.0142
8.7797,52.1262
7.8483,84.1967
3.1437,64.5693
8.2760,32.6132
6.5098,71.6990
3.7536,76.2679
3.7413,17.8714
3.1975,31.0250
0.9130,54.8652
6.1639,82.0466
2.5999,0.9094
9.7560,35.7580
8.7265,37.0040
0.0186,79.4812
4.3351,61.7137
2.1353,66.4904
3.7026,73.3340
1.3299,87.9433
3.3084,99.2185
6.4761,0.9608
2.6063,88.8791
9.4971,81.2312
7.0162,23.7070
6.1059,16.3304
4.8387,19.9838
2.9813,5.2010
7.1399,69.7285
7.4969,96.1146
8.6838,82.6443
6.9761,8.5719
5.7510,58.5110
5.4570,81.7655
3.9888,1.3115
8.9612,24.0101
1.8783,75.7488
4.3782,11.9931
7.6019,50.0418
8.3049,20.7429
9.9913,75.1472
9.2912,34.0460
6.3698,18.0008
6.6616,31.3669
5.5845,69.2514
6.0252,19.2991
0.2076,64.6913
4.3739,45.2261
2.3955,88.3646
6.8508,4.0002
3.3304,74.2969
4.2665,80.6599
5.6838,32.1111
0.9473,6.7922
7.6027,50.6054
1.4679,81.5824
4.8182,55.6862
9.5009,74.0584
4.7955,27.3739
6.3614,55.4697
7.0112,11.8083
6.7406,62.0830
4.1088,0.9870
7.5597,35.4690
6.1846,60.3467
3.8497,62.7636
1.8880,79.6504
3.8808,41.9855
0.1885,50.8853
7.0934,27.1873
3.4572,4.7377
4.5417,88.0684
6.1847,81.1872
3.9460,23.6625
8.3555,71.7246
2.8625,88.6771
6.5951,92.4481
8.2474,84.8905
4.8725,58.7182
3.6419,14.5143
2.7707,57.2730
5.6357,2.8726
8.2631,2.7478
4.2742,13.9275
3.9614,67.6342
8.8400,84.6281
8.6557,50.5829
4.1873,95.4358
3.0800,17.5348
8.4252,23.8948
6.2751,5.8547
9.0808,52.2640
4.2309,30.2147
3.5191,67.6873
3.5786,40.7172
4.1897,32.3800
3.1466,78.0951
5.7298,95.5140
1.0452,81.7254
5.0564,21.7688
0.0429,17.9364
2.8453,49.3594
5.9015,40.6359
6.8622,96.4014
9.5974,46.4794
1.3712,9.2242
7.7541,91.4498
2.3461,8.6617
6.3318,47.9865
6.0762,85.0165
7.3975,49.5654
1.0299,62.5484
2.0578,72.4229
3.7833,72.4932
4.2305,22.5598
8.4083,61.5576
5.6060,28.9496
2.7984,7.2713
9.6862,47.8156
4.5685,57.3820
4.1130,57.8146
9.8718,21.3266
3.7637,43.0099
9.8963,80.6875
6.4088,53.2522
7.8128,50.0842
4.9966,11.0910
0.8595,70.5807
9.9902,68.7922
4.8194,78.3764
9.8648,21.4352
3.6071,36.7160
6.4330,6.8067
3.4195,43.0226
4.3495,15.0604
7.7185,23.7877
0.3966,95.2502
1.7012,15.2834
8.4895,41.7586
6.1890,59.6105
8.5254,48.1999
2.2210,56.7134
9.0536,12.4210
3.3055,4.6543
3.7841,1.0272
8.4777,25.8331
3.9182,81.6174
0.8493,79.4384
5.0045,73.4688
5.1298,53.5614
4.4109,35.8901
8.1750,80.4736
4.9043,69.2424
7.1071,32.8298
5.9530,78.8273
6.5532,86.3150
6.5347,32.7308
6.9257,13.4602
4.1664,1.0598
7.4092,5.4579
6.9978,13.9848
9.8022,24.7587
9.5724,58.4778
0.2905,53.2607
0.6363,52.9536
5.7174,52.4620
9.2224,59.0905
2.6249,0.1459
6.9114,40.5422
2.1931,40.1340
0.1763,17.1190
5.0372,97.8851
8.4086,19.1798
9.0405,71.2719
9.9638,27.4200
1.6928,62.6517
2.9275,41.2699
8.4732,22.9931
3.6517,73.8605
7.5857,1.3554
6.2751,84.1991
5.8185,85.6730
4.4797,97.9349
1.9101,66.3580
8.6297,97.9611
3.6708,21.5049
8.3433,61.7981
8.8012,21.1289
7.0970,25.8407
4.9494,53.7865
2.1556,52.4212
4.5886,43.4574
9.0087,29.7813
8.1626,67.5175
5.9977,56.8145
8.9252,89.5876
4.9493,30.2431
7.5815,8.0050
4.4525,54.2825
8.7222,6.7160
9.2014,56.2720
6.3447,9.5323
0.0899,49.3495
6.2184,64.3712
0.1066,85.6486
1.5038,82.7273
6.9627,37.5972
8.6473,64.1807
1.0896,25.2277
0.0573,9.1171
7.0874,82.6723
3.7106,11.2170
0.8773,38.8173
5.6963,21.9303
4.2759,76.9823
8.6980,79.4151
8.5033,1.8513
9.0407,37.2213
8.9026,11.4152
2.0945,41.4105
9.9014,3.6845
9.8198,88.5097
2.7026,44.5613
6.2851,73.7596
4.3077,29.8769
6.4526,27.7075
4.7529,31.9290
7.2957,20.6119
8.0842,94.9815
0.3389,5.4411
4.4189,28.5034
4.2743,70.6876
6.4343,92.0677
8.7519,65.6552
9.1951,39.5766
0.2726,85.6160
8.4138,75.7284
3.6934,99.2023
4.1273,41.9639
7.0211,31.6809
6.3152,4.3736
8.3827,53.5474
2.0737,95.8808
0.9922,81.6477
5.5438,80.1511
1.5196,12.9528
0.4933,56.7852
8.3041,40.7646
3.3963,31.2802
9.4972,72.2146
3.4209,31.7784
8.6741,89.6675
5.4609,51.9509
7.2066,8.0979
3.9540,45.8832
3.3198,56.8157
7.7583,0.3417
7.6912,2.2365
8.3641,84.4500
9.1892,33.0253
4.5444,35.6507
6.7248,91.8618
1.6493,48.7794
1.0664,13.1399
6.6163,8.5911
5.0138,98.8357
0.4722,79.3504
6.6539,93.6169
2.0593,98.8913
4.4612,45.4014
4.8324,99.0647
0.4682,62.0271
7.0241,7.6440
4.1509,2.1841
1.9826,78.8295
0.3729,87.4174
3.9775,20.7670
1.8402,55.4818
2.6572,45.4057
5.7840,22.6193
1.6556,77.3021
8.0167,81.7505
6.4961,26.7911
5.5888,32.3810
0.8106,60.2281
2.3148,84.0757
4.0190,59.7896
8.5909,29.7113
6.4850,47.2526
4.2936,67.7191
4.5114,67.3348
0.9797,89.9816
7.4625,48.7542
6.4833,28.9091
6.6133,55.8558
8.7583,90.0423
7.5441,94.7205
0.6501,96.8206
2.7641,98.3344
6.0871,40.3959
5.7975,57.9440
3.8937,52.8746
1.9109,92.8734
2.7906,81.7805
8.7461,81.0746
3.0717,7.5461
6.5606,95.4776
7.8776,96.7727
7.2843,6.9132
5.1259,1.0604
2.1038,16.1355
8.4664,16.4093
5.8794,45.6987
2.8936,23.9586
0.6866,91.5717
4.5834,64.9469
3.4329,38.0289
2.6801,62.9370
0.9393,44.7132
9.1035,45.3075
7.7205,53.0688
4.0982,58.4059
2.5429,79.8765
6.0256,97.1682
6.5869,14.7731
6.2333,44.2810
2.4860,61.3437
2.3656,45.3183
7.9695,87.0929
6.0452,28.3129
8.1131,1.9723
3.6820,63.5430
7.9116,59.2543
9.2851,70.6712
1.0882,65.4522
7.5799,52.3183
1.0995,45.5788
6.9537,61.1840
8.6022,65.7806
0.0417,46.9413
1.7385,24.3424
5.0812,54.3884
9.5499,19.4819
8.3886,16.8672
9.5157,44.6529
3.7260,39.5978

