Date,SBIN,PNB,HDFC,ICICI,AXIS,JPM,BAC,WFC,MS,C
2023-01-02,600.53,56.42,1610.23,895.08,940.64,,,,,
2023-01-03,600.73,57.06,1620.76,893.99,961.32,131.21,32.50,40.52,82.52,43.76
2023-01-04,593.66,55.53,1591.80,891.76,956.47,132.43,33.11,41.36,83.42,44.89
2023-01-05,593.57,56.03,1581.56,871.97,948.58,132.40,33.04,41.13,82.72,44.69
2023-01-06,589.20,55.68,1576.32,863.00,938.94,134.94,33.37,41.50,84.29,45.22
2023-01-09,596.12,56.37,1579.39,866.22,957.77,134.38,32.87,41.10,84.37,45.44
2023-01-10,583.81,54.40,1550.52,854.32,951.18,135.58,33.09,41.07,85.60,46.06
2023-01-11,585.33,55.68,1572.86,859.23,948.78,136.59,33.34,41.44,86.09,46.56
2023-01-12,583.56,55.14,1581.27,853.62,934.60,136.45,33.43,41.53,87.15,46.92
2023-01-13,588.66,56.08,1582.50,866.32,933.20,139.90,34.17,42.88,88.24,47.72
2023-01-16,591.51,58.15,1567.33,858.19,912.22,,,,,
2023-01-17,581.65,57.01,1590.66,858.09,916.76,137.73,33.48,42.78,93.46,48.09
2023-01-18,580.18,56.03,1618.74,862.40,923.06,133.60,32.70,42.06,92.98,47.25
2023-01-19,578.61,56.47,1625.46,859.08,927.75,131.82,32.23,41.65,90.64,47.19
2023-01-20,580.91,56.22,1642.12,863.24,929.60,132.14,32.83,42.59,92.65,48.83
2023-01-23,589.00,56.08,1654.13,864.58,931.75,134.28,33.28,43.66,93.51,49.69
2023-01-24,583.02,54.79,1676.28,863.64,909.27,135.44,33.53,43.10,91.95,49.15
2023-01-25,557.86,53.02,1629.96,848.32,891.44,136.09,33.82,43.96,92.07,49.61
2023-01-26,,,,,,136.93,34.27,44.42,92.90,49.89
2023-01-27,529.66,50.15,1597.48,810.53,872.86,137.26,34.38,44.72,93.25,49.57
2023-01-30,527.94,50.05,1595.85,816.78,870.96,136.10,34.23,44.89,93.13,49.47
2023-01-31,542.95,52.87,1585.32,825.11,870.71,136.91,34.41,45.45,94.46,49.91
2023-02-01,517.30,49.66,1609.10,841.03,856.38,136.55,34.84,45.89,95.29,49.85
2023-02-02,518.03,50.15,1585.17,850.90,867.56,135.91,35.04,46.09,96.28,49.91
2023-02-03,533.83,51.14,1639.99,856.75,881.70,138.02,35.33,46.43,96.49,49.18
2023-02-06,535.00,50.74,1633.02,846.73,881.75,138.83,35.27,46.53,95.98,49.09
2023-02-07,536.67,50.65,1635.44,845.79,878.20,140.52,35.66,46.97,96.29,49.35
2023-02-08,539.27,50.94,1635.25,852.09,870.86,139.53,35.40,47.08,96.04,49.37
2023-02-09,540.30,50.35,1631.84,853.77,866.82,137.36,34.64,46.42,95.15,48.24
2023-02-10,542.51,50.60,1638.31,846.88,866.37,137.97,34.51,46.36,95.53,48.37
2023-02-13,527.25,49.56,1639.55,843.71,858.22,139.47,34.57,46.97,96.49,49.23
2023-02-14,530.54,50.15,1654.72,858.24,869.86,140.08,34.54,47.33,97.59,49.82
2023-02-15,531.91,50.25,1651.36,863.69,867.41,140.67,34.49,46.81,97.85,50.02
2023-02-16,529.80,50.15,1645.38,862.35,863.87,138.73,34.21,46.08,96.63,49.67
2023-02-17,520.88,49.07,1637.13,855.61,854.03,139.14,34.28,46.34,96.57,49.63
2023-02-20,515.14,48.87,1621.75,845.14,845.89,,,,,
2023-02-21,513.47,48.42,1627.83,847.23,843.19,136.59,33.48,45.12,94.74,48.11
2023-02-22,506.51,47.19,1595.90,832.40,832.50,135.54,33.25,44.90,94.40,48.30
2023-02-23,511.07,47.64,1585.07,832.89,843.49,136.63,33.23,45.13,95.05,48.63
2023-02-24,511.12,46.94,1570.93,832.84,850.53,137.86,33.18,45.49,94.81,48.44
2023-02-27,517.64,47.49,1574.84,849.41,853.48,139.06,33.18,45.65,93.84,48.72
2023-02-28,512.83,47.73,1581.46,847.87,843.24,140.23,33.26,45.64,93.65,48.93
2023-03-01,526.47,49.51,1579.93,849.31,864.27,139.45,33.11,45.55,93.35,49.71
2023-03-02,523.58,49.12,1566.49,847.03,844.59,138.00,32.69,44.69,93.24,49.62
2023-03-03,550.50,51.14,1597.58,861.46,851.78,140.53,33.34,45.72,95.43,50.53
2023-03-06,550.99,50.65,1608.85,860.67,858.62,139.71,33.28,45.50,95.47,50.37
2023-03-07,,,,,,135.60,32.21,43.38,93.22,49.31
2023-03-08,554.03,50.84,1612.06,864.98,860.07,134.80,31.78,42.78,93.07,48.92
2023-03-09,548.25,50.25,1612.21,848.96,866.92,127.50,29.81,40.14,89.48,46.91
2023-03-10,536.92,49.26,1570.64,835.77,851.03,130.74,29.55,40.36,87.39,46.66
2023-03-13,519.90,47.54,1550.77,821.64,831.50,128.39,27.83,37.48,85.39,43.19
2023-03-14,515.38,47.54,1546.61,823.57,832.00,131.69,28.07,39.20,87.31,45.75
2023-03-15,507.68,47.09,1524.42,819.16,823.21,125.47,27.81,37.91,82.87,43.26
2023-03-16,514.50,47.39,1534.30,817.17,829.70,127.90,28.28,38.35,84.44,44.04
2023-03-17,519.70,47.34,1554.82,829.42,836.55,123.07,27.15,36.85,81.69,42.71
2023-03-20,509.30,46.40,1544.04,829.62,836.70,124.37,27.09,36.57,83.11,42.56
2023-03-21,511.90,47.14,1561.54,845.44,854.73,127.71,27.91,37.55,86.14,43.51
2023-03-22,511.61,47.24,1557.93,853.18,848.78,124.41,26.98,36.30,84.96,42.19
2023-03-23,502.98,46.25,1545.43,848.47,847.93,124.08,26.33,35.73,83.30,41.94
2023-03-24,495.72,44.92,1542.96,845.44,839.04,122.19,26.49,35.35,81.47,41.61
2023-03-27,500.43,44.97,1549.68,841.77,832.50,125.69,27.81,36.56,82.14,43.23
2023-03-28,498.41,44.33,1562.28,847.77,831.60,126.07,27.45,36.28,82.37,43.65
2023-03-29,506.65,45.71,1569.80,844.05,841.74,126.33,27.98,37.05,83.69,44.35
2023-03-30,,,,,,125.95,27.62,36.48,83.57,44.47
2023-03-31,513.77,46.01,1591.30,870.09,857.62,127.47,27.92,36.48,85.21,45.26
2023-04-03,516.71,46.75,1592.29,876.58,863.72,127.33,27.91,36.81,84.59,45.09
2023-04-04,,,,,,125.62,27.31,35.92,82.32,44.49
2023-04-05,513.03,46.10,1635.00,877.38,859.62,125.81,26.98,36.00,81.34,44.18
2023-04-06,517.59,46.60,1647.46,867.86,851.08,125.67,27.17,36.98,81.70,44.27
2023-04-10,516.27,46.45,1639.65,861.36,846.49,126.09,27.27,37.70,81.52,44.90
2023-04-11,521.96,46.65,1644.44,874.70,852.43,126.71,28.02,38.42,82.58,45.56
2023-04-12,518.13,46.45,1665.80,882.88,850.18,126.69,27.80,38.24,82.95,45.29
2023-04-13,522.79,47.14,1673.26,891.66,863.47,127.17,27.88,38.70,83.16,45.66
2023-04-14,,,,,,136.77,28.81,38.68,84.15,47.84
2023-04-17,533.63,48.18,1647.75,893.94,863.67,137.86,29.64,40.30,86.65,47.96
2023-04-18,535.44,48.47,1640.78,889.53,862.47,139.41,29.83,40.86,87.20,48.34
2023-04-19,530.00,47.93,1646.81,884.62,872.51,139.23,29.34,41.22,87.78,48.65
2023-04-20,534.41,47.98,1652.94,887.10,867.86,138.83,29.19,40.66,87.76,47.68
2023-04-21,532.80,47.64,1655.61,878.42,863.32,138.56,29.16,40.24,88.43,47.33
2023-04-24,544.03,48.62,1669.01,897.36,881.40,138.75,29.05,40.45,87.54,47.33
2023-04-25,551.09,49.17,1645.28,905.99,877.45,135.73,28.15,39.57,85.46,46.24
2023-04-26,555.55,49.61,1652.85,907.48,886.75,133.32,27.76,38.51,85.83,45.23
2023-04-27,553.98,49.76,1661.94,910.85,880.50,135.12,28.20,38.70,87.59,45.40
2023-04-28,567.28,51.58,1668.47,910.16,859.12,136.29,28.58,38.79,88.07,45.93
2023-05-01,,,,,,139.21,28.35,39.41,86.07,46.11
2023-05-02,564.33,52.08,1668.12,914.57,869.76,136.96,27.49,37.90,84.47,44.89
2023-05-03,559.63,51.88,1673.95,915.32,858.97,134.06,27.19,37.72,82.96,44.57
2023-05-04,568.94,52.67,1708.21,914.18,865.07,132.23,26.34,36.11,80.86,43.82
2023-05-05,565.51,51.68,1607.22,919.38,864.42,134.81,27.05,37.31,83.09,45.20
2023-05-08,572.48,51.44,1625.81,930.24,877.55,135.14,27.03,37.75,82.65,45.24
2023-05-09,562.57,49.61,1625.85,926.77,887.34,134.49,27.00,37.90,82.59,45.40
2023-05-10,561.29,47.88,1633.37,928.41,888.99,134.56,26.67,37.65,81.95,45.25
2023-05-11,562.52,47.88,1634.46,931.53,895.04,134.13,26.74,37.70,80.88,44.92
2023-05-12,567.13,47.93,1648.89,936.19,909.72,132.21,26.44,36.87,80.65,44.35
2023-05-15,570.81,48.33,1656.80,938.03,914.87,133.32,26.99,38.13,81.20,44.94
2023-05-16,575.12,48.38,1647.30,938.62,916.86,132.43,26.71,37.76,80.13,44.19
2023-05-17,575.12,48.67,1638.45,931.68,913.87,136.50,27.89,39.79,82.14,45.94
2023-05-18,563.25,47.83,1645.00,938.77,913.77,137.53,27.79,39.55,82.70,45.27
2023-05-19,564.19,48.62,1646.90,946.51,923.11,137.22,27.44,39.37,80.50,44.61
2023-05-22,566.15,49.91,1641.05,942.59,916.61,136.08,27.66,40.30,80.53,44.68
2023-05-23,570.51,49.96,1637.20,945.62,915.22,134.66,27.90,40.53,80.89,44.80
2023-05-24,571.59,49.26,1615.80,932.97,916.76,133.43,27.43,40.19,79.50,43.42
2023-05-25,570.17,49.02,1609.60,932.18,920.11,133.76,27.50,40.22,81.25,43.16
2023-05-26,574.83,49.71,1615.80,942.94,926.01,135.01,27.63,40.55,82.13,43.52
2023-05-29,583.66,50.15,1635.50,940.41,928.85,,,,,
2023-05-30,581.50,50.79,1636.75,942.19,936.49,135.52,27.58,40.30,81.66,43.62
2023-05-31,579.85,51.19,1610.85,941.40,913.92,133.80,27.13,39.15,80.03,43.25
2023-06-01,582.75,51.04,1604.00,928.46,918.76,135.64,27.33,39.40,80.34,43.76
2023-06-02,587.20,51.63,1606.50,930.49,925.16,138.49,28.25,40.56,82.57,45.20
2023-06-05,587.20,51.49,1604.40,939.02,949.88,137.13,28.08,39.78,81.97,45.12
2023-06-06,585.35,51.39,1599.40,934.41,967.21,137.38,28.76,40.58,84.05,46.08
2023-06-07,589.20,51.68,1607.70,932.52,975.75,138.71,29.00,41.37,84.67,46.85
2023-06-08,588.50,51.29,1608.70,930.24,961.12,138.75,28.76,41.67,84.49,46.94
2023-06-09,578.70,50.70,1610.60,930.39,973.76,139.02,28.80,41.43,84.39,47.13
2023-06-12,578.65,50.89,1600.80,928.31,973.21,139.01,28.66,41.14,85.59,47.28
2023-06-13,576.40,51.34,1603.50,935.85,984.84,140.02,28.93,41.95,86.41,47.51
2023-06-14,576.55,51.14,1601.75,932.13,976.70,139.50,28.65,41.38,86.12,47.08
2023-06-15,566.50,49.76,1582.05,919.04,976.15,141.07,28.90,41.66,87.17,47.39
2023-06-16,571.25,50.89,1602.75,926.57,980.55,141.24,28.72,41.48,86.23,47.03
2023-06-19,568.85,51.29,1604.15,915.61,964.67,,,,,
2023-06-20,567.40,51.24,1607.50,917.99,973.86,140.52,28.40,41.20,84.90,46.46
2023-06-21,566.35,52.18,1635.60,917.15,965.02,140.31,28.11,40.96,84.52,46.27
2023-06-22,562.95,50.35,1643.60,918.19,965.61,137.61,27.51,40.38,82.71,45.50
2023-06-23,554.60,50.50,1643.50,915.96,957.42,136.89,27.30,39.94,81.81,44.91
2023-06-26,557.05,50.30,1635.55,919.88,959.57,137.23,27.64,39.92,81.82,45.12
2023-06-27,566.10,50.85,1658.60,928.46,972.26,137.24,27.78,40.23,82.65,45.28
2023-06-28,566.10,50.85,1658.60,928.46,972.26,136.64,27.62,39.95,82.22,45.11
2023-06-29,,,,,,141.41,28.20,41.75,83.44,45.17
2023-06-30,572.85,51.65,1701.40,926.97,986.44,143.39,28.23,41.97,83.60,44.93
2023-07-03,585.45,53.85,1719.80,934.85,981.10,144.54,28.73,42.68,84.58,45.61
2023-07-04,589.25,57.05,1728.20,936.99,969.71,,,,,
2023-07-05,590.60,58.60,1673.30,950.18,965.51,143.58,28.61,42.76,84.10,45.67
2023-07-06,592.50,59.00,1675.00,951.57,979.95,142.16,27.82,42.18,81.57,44.28
2023-07-07,593.60,60.40,1660.40,938.67,976.70,143.28,28.07,42.06,81.60,44.64
2023-07-10,592.60,60.60,1656.45,940.66,964.05,144.09,28.20,41.62,81.64,44.57
2023-07-11,588.55,60.45,1648.40,937.24,953.20,146.34,28.55,42.03,83.16,45.41
2023-07-12,589.25,61.40,1632.95,936.69,950.00,147.06,28.89,42.54,83.96,46.24
2023-07-13,585.65,59.10,1641.10,947.90,960.15,147.78,29.19,42.99,84.39,46.53
2023-07-14,584.40,60.70,1644.50,952.21,957.05,148.67,28.64,42.84,83.97,44.65
2023-07-17,601.10,62.35,1678.90,960.79,964.85,152.26,28.93,44.00,84.55,45.14
2023-07-18,592.35,61.60,1677.50,967.49,963.65,152.53,30.21,44.85,90.00,45.88
2023-07-19,601.45,64.15,1685.10,965.50,964.30,153.12,31.02,45.50,91.19,46.37
2023-07-20,610.05,63.85,1688.75,987.47,977.90,155.01,31.18,46.35,91.82,46.27
2023-07-21,615.10,62.60,1675.75,988.86,971.30,153.82,31.46,45.20,92.02,45.91
2023-07-24,617.65,62.10,1678.40,983.90,971.50,156.84,32.12,45.65,92.67,46.51
2023-07-25,609.60,60.70,1696.60,986.58,962.50,155.67,31.63,44.73,92.43,45.95
2023-07-26,615.15,63.15,1690.70,988.31,976.80,156.60,31.89,45.67,91.56,46.34
2023-07-27,616.55,62.40,1673.15,982.17,959.90,154.88,31.44,45.01,90.79,46.72
2023-07-28,616.05,61.95,1643.50,988.07,949.95,155.76,31.39,45.38,90.46,46.27
2023-07-31,620.20,61.85,1651.20,990.15,953.90,156.80,31.48,45.40,90.45,46.51
2023-08-01,611.85,61.35,1662.25,986.43,959.90,156.03,31.11,44.95,89.84,45.93
2023-08-02,598.45,59.50,1640.50,978.89,945.25,154.26,30.69,44.35,88.24,45.19
2023-08-03,590.50,59.45,1628.65,957.12,935.55,155.20,30.90,44.75,88.06,45.09
2023-08-04,573.30,59.95,1652.20,962.58,952.25,154.88,30.80,44.45,87.72,45.12
2023-08-07,567.90,60.40,1651.25,967.68,947.40,155.61,31.37,44.66,88.00,45.24
2023-08-08,573.10,62.15,1649.90,971.90,952.90,154.74,30.77,44.09,87.40,44.58
2023-08-09,573.75,61.55,1650.50,972.70,950.00,152.66,30.36,43.33,86.50,43.87
2023-08-10,573.65,61.25,1635.85,964.10,939.75,152.44,30.44,43.28,86.58,43.77
2023-08-11,574.15,62.55,1618.80,952.85,937.20,153.32,30.79,43.34,86.64,44.00
2023-08-14,560.80,62.35,1610.90,959.55,939.95,153.64,30.43,43.35,86.28,43.53
2023-08-15,,,,,,149.73,29.46,42.35,85.12,42.66
2023-08-16,565.35,61.70,1606.20,956.50,933.05,149.09,28.82,41.85,84.95,42.09
2023-08-17,572.15,63.25,1597.30,951.65,936.55,147.54,28.81,42.09,84.75,41.92
2023-08-18,572.95,62.80,1590.75,950.65,943.05,147.88,28.64,42.12,83.87,41.71
2023-08-21,571.70,62.35,1589.50,955.20,952.60,148.39,28.68,42.11,83.23,41.53
2023-08-22,568.50,62.45,1582.70,952.00,957.05,145.31,27.98,41.13,81.98,40.49
2023-08-23,576.90,63.35,1586.60,966.85,979.25,146.29,27.99,41.24,82.38,40.55
2023-08-24,576.95,62.85,1579.30,968.95,981.35,146.15,28.16,41.06,82.43,40.55
2023-08-25,569.95,61.50,1561.50,970.40,983.10,145.97,28.04,40.87,82.22,40.71
2023-08-28,572.85,62.50,1577.75,970.55,990.20,146.48,28.30,41.51,83.36,40.79
2023-08-29,574.85,62.95,1590.30,967.75,980.70,147.67,28.70,41.63,84.52,41.19
2023-08-30,567.40,63.45,1578.70,958.90,983.35,147.07,28.57,41.17,84.23,40.84
2023-08-31,561.35,63.00,1571.45,958.75,973.50,145.26,28.44,40.93,84.12,40.76
2023-09-01,569.55,65.40,1574.70,968.70,991.15,145.74,28.75,41.28,84.71,41.06
2023-09-04,575.55,67.40,1584.55,967.35,982.25,,,,,
2023-09-05,573.00,67.35,1574.90,968.40,981.45,144.14,28.42,41.17,83.82,40.83
2023-09-06,570.50,65.70,1595.50,957.50,965.05,143.90,28.17,40.66,83.14,40.84
2023-09-07,579.05,66.60,1610.85,965.65,978.20,142.67,27.91,40.07,82.83,40.21
2023-09-08,583.45,66.85,1623.40,970.55,980.30,142.78,28.14,40.64,83.89,40.07
2023-09-11,591.70,69.15,1631.80,978.25,1000.40,143.40,28.25,40.96,82.50,40.07
2023-09-12,588.35,66.85,1636.90,990.50,1000.90,145.27,28.74,42.16,84.52,41.15
2023-09-13,596.45,72.55,1643.90,989.80,1014.45,145.34,28.65,41.88,86.20,41.83
2023-09-14,597.30,73.70,1642.90,987.70,1020.90,148.16,28.97,42.67,87.99,42.59
2023-09-15,598.80,74.15,1661.75,992.45,1027.15,147.72,28.61,42.57,87.34,42.16
2023-09-18,603.95,76.90,1629.05,990.20,1024.75,148.03,28.53,43.05,87.64,42.09
2023-09-19,,,,,,147.84,28.42,42.84,87.44,42.13
2023-09-20,601.10,76.45,1563.70,987.15,1027.30,147.21,28.32,42.49,86.09,41.76
2023-09-21,588.15,75.00,1553.35,959.30,1014.45,146.06,27.83,41.95,83.86,41.18
2023-09-22,598.15,77.50,1529.65,950.30,1018.25,144.66,27.42,40.87,82.28,40.40
2023-09-25,594.05,80.20,1531.00,956.35,1018.95,145.38,27.38,41.19,82.03,40.49
2023-09-26,594.40,79.35,1537.65,948.70,1014.15,143.87,26.95,40.29,81.18,39.70
2023-09-27,589.75,81.50,1526.85,943.10,1025.20,144.71,27.05,40.50,80.66,39.94
2023-09-28,589.95,79.65,1523.70,942.60,1030.90,146.51,27.34,40.55,81.20,40.67
2023-09-29,598.55,80.20,1526.30,951.90,1036.70,143.96,27.16,40.50,80.68,40.60
2023-10-02,,,,,,142.72,26.49,39.26,79.44,39.98
2023-10-03,602.95,83.20,1508.05,940.30,1041.05,141.66,25.70,38.33,77.08,39.35
2023-10-04,586.25,79.75,1529.55,930.05,995.55,142.30,25.73,38.63,78.14,39.30
2023-10-05,592.15,77.10,1535.75,940.85,1003.25,142.90,25.85,38.95,78.19,39.37
2023-10-06,594.25,76.75,1534.05,945.20,1000.95,145.10,25.86,39.34,79.36,40.05
2023-10-09,585.10,73.35,1516.25,938.60,996.25,144.77,26.10,39.35,78.95,40.22
2023-10-10,591.65,75.25,1524.85,951.20,1012.25,145.65,26.80,39.47,79.16,40.91
2023-10-11,588.35,76.05,1539.60,953.10,1019.10,146.15,26.81,39.34,77.95,41.00
2023-10-12,586.05,75.75,1549.85,954.25,1018.45,145.81,26.69,39.39,76.87,41.00
2023-10-13,576.15,75.20,1535.75,951.30,994.05,148.00,26.55,40.60,76.85,40.90
2023-10-16,575.65,75.25,1529.60,951.40,1004.80,147.85,26.78,41.28,77.78,40.43
2023-10-17,576.45,75.80,1541.20,953.90,1008.05,147.53,27.40,41.61,79.36,40.67
2023-10-18,572.65,74.20,1519.75,943.75,992.85,145.91,27.09,41.16,73.98,39.95
2023-10-19,571.20,74.00,1514.95,935.75,991.40,145.29,26.75,40.82,72.04,39.55
2023-10-20,563.10,72.25,1522.80,932.75,980.35,142.95,26.10,39.91,72.25,39.17
2023-10-23,552.95,69.65,1506.05,929.95,964.30,141.00,25.37,39.13,70.83,38.39
2023-10-24,,,,,,141.17,25.27,38.93,70.70,38.43
2023-10-25,556.20,69.50,1496.50,916.10,955.45,140.40,25.35,38.69,70.54,38.12
2023-10-26,547.00,69.85,1463.40,908.65,972.05,140.76,25.91,39.30,71.20,38.84
2023-10-27,561.15,73.15,1469.15,912.75,1002.75,135.69,24.97,38.42,69.55,37.75
2023-10-30,565.20,73.15,1485.10,924.90,989.20,137.42,25.49,39.08,70.59,38.43
2023-10-31,565.55,73.00,1476.50,915.35,981.85,139.06,26.13,39.42,70.82,38.98
2023-11-01,566.40,72.90,1474.50,914.05,971.80,138.94,26.19,39.26,70.95,39.09
2023-11-02,572.10,74.25,1476.75,919.95,982.95,141.42,27.40,40.51,73.46,40.82
2023-11-03,578.15,74.75,1483.75,933.80,988.85,143.00,28.19,41.62,76.26,42.26
2023-11-06,574.35,74.90,1494.50,945.45,1009.40,144.08,28.11,41.34,75.92,42.04
2023-11-07,579.75,76.15,1487.25,948.10,1020.90,144.01,27.94,41.04,75.51,41.96
2023-11-08,580.30,75.80,1491.55,935.75,1021.70,144.72,27.67,40.98,75.97,41.82
2023-11-09,578.35,76.00,1485.65,937.35,1021.90,144.29,27.31,40.40,74.19,41.50
2023-11-10,579.50,76.25,1491.50,938.60,1029.20,146.43,27.46,40.89,75.33,42.08
2023-11-13,581.35,79.10,1488.80,934.45,1025.35,145.78,27.48,40.77,75.04,42.70
2023-11-14,,,,,,148.44,28.99,42.08,78.31,44.36
2023-11-15,584.70,78.95,1504.40,941.10,1041.35,149.74,29.39,42.84,79.68,44.88
2023-11-16,584.65,79.60,1508.35,936.00,1026.35,151.45,29.31,42.53,79.66,44.67
2023-11-17,563.05,77.90,1505.10,921.85,994.35,152.82,29.74,42.96,80.28,45.36
2023-11-20,563.75,78.40,1505.20,921.45,988.70,153.29,29.77,42.79,79.70,45.26
2023-11-21,561.50,78.05,1517.95,926.10,991.80,152.97,29.43,42.60,78.47,45.09
2023-11-22,558.95,76.35,1512.55,922.75,998.10,153.33,29.40,42.78,78.49,45.02
2023-11-23,559.95,76.55,1521.30,923.00,999.05,,,,,
2023-11-24,560.35,75.95,1532.10,929.40,1008.50,153.54,29.49,42.92,78.65,45.23
2023-11-27,,,,,,153.19,29.33,43.02,77.95,45.08
2023-11-28,564.45,78.55,1528.65,925.50,1021.15,153.54,29.30,43.37,76.88,44.86
2023-11-29,568.60,79.15,1559.15,939.60,1060.15,154.32,30.07,43.78,78.55,45.75
2023-11-30,564.75,77.60,1558.80,934.95,1074.25,156.08,30.49,44.59,79.34,46.10
2023-12-01,571.75,80.70,1555.40,946.70,1104.65,156.84,30.96,45.02,80.89,47.23
2023-12-04,594.70,83.75,1609.40,991.20,1125.60,157.99,30.82,45.12,81.21,47.37
2023-12-05,608.25,85.00,1623.70,1013.45,1132.45,157.97,30.58,44.49,80.17,46.70
2023-12-06,608.45,85.45,1627.80,1003.25,1120.50,156.31,30.53,44.50,79.41,47.86
2023-12-07,611.70,86.80,1630.45,999.00,1117.85,156.79,30.66,45.40,80.35,48.50
2023-12-08,614.15,86.55,1653.20,1010.85,1131.20,158.52,30.96,46.10,82.28,48.89
2023-12-11,614.25,88.45,1651.00,1017.10,1116.50,159.10,30.85,46.00,82.82,48.15
2023-12-12,612.40,88.15,1634.60,1015.70,1131.00,160.52,30.74,46.47,83.60,48.06
2023-12-13,619.85,88.75,1630.90,1013.90,1114.85,161.06,32.04,47.76,85.63,49.34
2023-12-14,623.65,89.90,1650.15,1033.65,1120.45,163.99,33.94,50.51,91.04,50.24
2023-12-15,648.25,91.25,1656.55,1037.40,1120.35,165.23,33.60,50.31,91.58,49.83
2023-12-18,648.50,91.35,1655.70,1021.45,1111.35,166.23,33.43,49.66,90.76,49.66
2023-12-19,655.40,91.40,1652.90,1015.45,1120.25,168.45,33.51,50.09,91.92,50.93
2023-12-20,636.45,86.85,1657.00,1006.65,1110.25,166.55,32.98,49.34,91.14,50.07
2023-12-21,643.75,89.85,1686.70,1004.40,1095.40,167.50,33.20,49.45,92.63,50.60
2023-12-22,636.75,89.25,1670.85,994.30,1088.30,167.40,33.43,49.18,92.41,50.86
2023-12-26,638.05,88.50,1682.45,995.10,1094.25,168.39,33.86,49.64,92.84,51.34
2023-12-27,648.55,91.80,1703.30,1002.25,1106.35,169.40,33.84,49.33,93.66,51.46
2023-12-28,651.40,95.50,1705.25,1005.90,1107.85,170.30,33.88,49.48,93.64,51.52
2023-12-29,642.05,95.75,1709.25,996.60,1102.30,170.10,33.67,49.22,93.25,51.44

